<?xml version="1.0" encoding="UTF-8" ?>
<!DOCTYPE configuration
  PUBLIC "-//mybatis.org//DTD Config 3.0//EN"
  "http://mybatis.org/dtd/mybatis-3-config.dtd">
<configuration>
	<properties resource="dbinfo.properties" />
	<typeAliases>
		<typeAlias type="com.my.biz.user.vo.UserVO" alias="uservo"></typeAlias>
		<typeAlias type="com.my.biz.board.vo.BoardVO" alias="boardvo"></typeAlias>
	</typeAliases>
	<environments default="development">
		<environment id="development">
			<transactionManager type="JDBC" />
			<dataSource type="POOLED">
				<property name="driver" value="${driver}" />
				<property name="url" value="${url}" />
				<property name="username" value="${user}" />
				<property name="password" value="${pw}" />
			</dataSource>
		</environment>
	</environments>
	<mappers>
		<mapper resource="mapper/user_mapper.xml" />
		<mapper resource="mapper/board_mapper.xml" />
	</mappers>
</configuration>
