<?xml version="1.0" encoding="UTF-8" ?>
<!DOCTYPE mapper PUBLIC "-//mybatis.org//DTD Mapper 3.0//EN"
  "http://mybatis.org/dtd/mybatis-3-mapper.dtd">

<mapper namespace="board">

<select id="boardinsert" parameterType="boardvo">
	insert into board (seq,title,writer,content) values((select nvl(max(seq),0)+1 from board),#{title},#{writer},#{content})
</select>
<delete id="boarddel">
	delete from board where seq = #{seq}
</delete>
<update id="boardupdate" parameterType="boardvo">
	update board set title = #{title},content = #{content} where seq = #{seq}
</update>
<select id="boardlist" resultType="boardvo">
	select * from board order by seq desc
</select>
<select id="boardfind" resultType="boardvo">
	select * from board where seq = #{seq}
</select>
<select id="boardsearch" resultType="boardvo" parameterType="hashMap">
	select * from board
	<where>
		<if test="writer != null">writer like '%'||#{writer}||'%'</if>
		<if test="title != null">title like '%'||#{title}||'%'</if>
		<if test="content != null">content like '%'||#{content}||'%'</if>
	</where>
</select>

</mapper>
